id,work_title,country,year,original_title,speaker,quote_text,word_count,lang,source_name,source_url,retrieved_at,license_note,verified,popularity_score,emotion_valence,emotion_arousal,emotion_labels,semantic_tokens,section_hint,tags
29,Love O2O,C,2016,,Xiao Nai,You're all I need.,4,en,Bitches Over Dramas,https://bitchesoverdramas.com/2019/02/18/love-o2o-xiao-nais-sss-dialogues/,2026-08-28T20:33:45.265034+00:00,quoted_for_commentary_candidate,1,48.0,0.0,0.25,"[""longing""]","[""you're"", ""need""]",E3,country:C|usage:merch_forbidden
30,Love O2O,C,2016,,Xiao Nai,Be safe on the way back.,6,en,Bitches Over Dramas,https://bitchesoverdramas.com/2019/02/18/love-o2o-xiao-nais-sss-dialogues/,2026-08-28T20:33:45.265034+00:00,quoted_for_commentary_candidate,1,48.0,0.0,0.25,"[""longing""]","[""safe"", ""way"", ""back""]",E6,country:C|usage:merch_forbidden
31,Love O2O,C,2016,,Xiao Nai,I'm your everything.,3,en,Bitches Over Dramas,https://bitchesoverdramas.com/2019/02/18/love-o2o-xiao-nais-sss-dialogues/,2026-08-28T20:33:45.265034+00:00,quoted_for_commentary_candidate,1,48.0,0.0,0.25,"[""longing""]","[""i'm"", ""everything""]",E24,country:C|usage:merch_forbidden
32,Love O2O,C,2016,,Xiao Nai,"This is my girlfriend, WeiWei.",5,en,Bitches Over Dramas,https://bitchesoverdramas.com/2019/02/18/love-o2o-xiao-nais-sss-dialogues/,2026-08-28T20:33:45.265034+00:00,quoted_for_commentary_candidate,1,48.0,0.0,0.25,"[""longing""]","[""girlfriend"", ""weiwei""]",E24,country:C|usage:merch_forbidden
474,Love O2O,C,2016,,,I won’t be able to take it anymore!,9,en,Bitches Over Dramas,https://bitchesoverdramas.com/2019/02/18/love-o2o-xiao-nais-sss-dialogues/,2026-08-28T20:34:44.329072+00:00,quoted_for_commentary_candidate,1,48.0,0.0,0.25,"[""longing""]","[""won"", ""able"", ""take"", ""anymore""]",html_scrape,country:C|usage:merch_forbidden
476,Love O2O,C,2016,,,"It means no money for you, but you can take the man.",12,en,Bitches Over Dramas,https://bitchesoverdramas.com/2019/02/18/love-o2o-xiao-nais-sss-dialogues/,2026-08-28T20:34:44.329072+00:00,quoted_for_commentary_candidate,1,48.0,0.0,0.25,"[""longing""]","[""means"", ""money"", ""take"", ""man""]",html_scrape,country:C|usage:merch_forbidden
17,The Untamed,C,2019,,Lan Wangji,I am here.,3,en,Film Daily,https://filmdaily.co/news/the-untamed-story-quotes/,2026-08-28T20:26:39.298140+00:00,quoted_for_commentary_candidate,1,48.0,0.0,0.25,"[""longing""]","[""here""]",curated,country:C|usage:merch_forbidden
18,The Untamed,C,2019,,Lan Wangji,"If the face says nothing, listen to the heartbeat.",9,en,Film Daily,https://filmdaily.co/news/the-untamed-heartfelt-quotes/,2026-08-28T20:26:39.298140+00:00,quoted_for_commentary_candidate,1,48.0,0.0,0.25,"[""longing""]","[""face"", ""says"", ""nothing"", ""listen"", ""heartbeat""]",curated,country:C|usage:merch_forbidden
19,The Untamed,C,2019,,Wei Wuxian,I once saw you as my soulmate in this life.,10,en,Film Daily,https://filmdaily.co/news/the-untamed-heartfelt-quotes/,2026-08-28T20:26:39.298140+00:00,quoted_for_commentary_candidate,1,48.0,0.0,0.25,"[""longing""]","[""once"", ""saw"", ""soulmate"", ""life""]",curated,country:C|usage:merch_forbidden
20,The Untamed,C,2019,,Lan Wangji,I still am.,3,en,Film Daily,https://filmdaily.co/news/the-untamed-heartfelt-quotes/,2026-08-28T20:26:39.298140+00:00,quoted_for_commentary_candidate,1,48.0,0.0,0.25,"[""longing""]","[""still""]",curated,country:C|usage:merch_forbidden
21,The Untamed,C,2019,,Wei Wuxian,"If there's a hope, then let's move.",7,en,Film Daily,https://filmdaily.co/news/the-untamed-quotes/,2026-08-28T20:26:39.298140+00:00,quoted_for_commentary_candidate,1,48.0,1.0,0.25,"[""tenderness""]","[""there's"", ""hope"", ""then"", ""let's"", ""move""]",curated,country:C|usage:merch_forbidden
559,The Untamed,C,2019,,,"If the face says nothing , listen to the heartbeat.",9,en,Film Daily,https://filmdaily.co/news/the-untamed-heartfelt-quotes/,2026-08-28T20:34:44.329072+00:00,quoted_for_commentary_candidate,1,48.0,0.0,0.25,"[""longing""]","[""face"", ""says"", ""nothing"", ""listen"", ""heartbeat""]",html_scrape,country:C|usage:merch_forbidden
562,The Untamed,C,2019,,,But I’m not a turnip.,6,en,Film Daily,https://filmdaily.co/news/the-untamed-heartfelt-quotes/,2026-08-28T20:34:44.329072+00:00,quoted_for_commentary_candidate,1,48.0,0.0,0.25,"[""longing""]","[""turnip""]",html_scrape,country:C|usage:merch_forbidden
563,The Untamed,C,2019,,,Then I’ll plant you some turnip friends.,8,en,Film Daily,https://filmdaily.co/news/the-untamed-heartfelt-quotes/,2026-08-28T20:34:44.329072+00:00,quoted_for_commentary_candidate,1,48.0,0.0,0.25,"[""longing""]","[""then"", ""plant"", ""some"", ""turnip"", ""friends""]",html_scrape,country:C|usage:merch_forbidden
33,You Are My Glory,C,2021,,Yu Tu,Would you like to be with me?,7,en,YouTube WeTV clip,https://www.youtube.com/watch?v=AFHHJ_eRK_8,2026-08-28T20:33:45.265034+00:00,quoted_for_commentary_candidate,1,48.0,0.0,0.25,"[""longing""]","[""like""]",curated,country:C|usage:merch_forbidden
34,You Are My Glory,C,2021,,Yu Tu,Please leave the rest of your time to me.,9,en,YouTube WeTV clip,https://www.youtube.com/watch?v=dnkZhWgBUdM,2026-08-28T20:33:45.265034+00:00,quoted_for_commentary_candidate,1,48.0,-1.0,0.25,"[""melancholy""]","[""please"", ""leave"", ""rest"", ""time""]",curated,country:C|usage:merch_forbidden
558,The Untamed,C,2019,,,"I will plant a big turnip today. After several days, many turnips will grow out.”",15,en,Film Daily,https://filmdaily.co/news/the-untamed-heartfelt-quotes/,2026-08-28T20:34:44.329072+00:00,quoted_for_commentary_candidate,1,44.0,0.0,0.25,"[""resolve""]","[""plant"", ""big"", ""turnip"", ""today"", ""after"", ""several"", ""days"", ""many"", ""turnips"", ""grow"", ""out""]",html_scrape,country:C|usage:merch_forbidden|emotion:resolve
560,The Untamed,C,2019,,,"I want to bring a person back to the hidden heaven, just bring him back, and hide him.",18,en,Film Daily,https://filmdaily.co/news/the-untamed-heartfelt-quotes/,2026-08-28T20:34:44.329072+00:00,quoted_for_commentary_candidate,1,44.0,0.0,0.25,"[""longing""]","[""want"", ""bring"", ""person"", ""back"", ""hidden"", ""heaven"", ""bring"", ""back"", ""hide""]",html_scrape,country:C|usage:merch_forbidden
561,The Untamed,C,2019,,,"In this world, everyone has their own things to do, their own paths to walk.",15,en,Film Daily,https://filmdaily.co/news/the-untamed-heartfelt-quotes/,2026-08-28T20:34:44.329072+00:00,quoted_for_commentary_candidate,1,44.0,0.0,0.25,"[""longing""]","[""world"", ""everyone"", ""own"", ""things"", ""own"", ""paths"", ""walk""]",html_scrape,country:C|usage:merch_forbidden
475,Love O2O,C,2016,,,"If you’re unfaithful, I’ll restore your faith. If you lose all faith, I’ll convert you again.",19,en,Bitches Over Dramas,https://bitchesoverdramas.com/2019/02/18/love-o2o-xiao-nais-sss-dialogues/,2026-08-28T20:34:44.329072+00:00,quoted_for_commentary_candidate,1,40.0,0.0,0.25,"[""longing""]","[""unfaithful"", ""restore"", ""faith"", ""lose"", ""faith"", ""convert"", ""again""]",html_scrape,country:C|usage:merch_forbidden
25,Hana Yori Dango,J,2005,,Tsukushi Makino,"I am the tough weed, Tsukushi Makino!",7,en,Shapes,https://shapes.inc/fandom/boys-over-flowers-manga-hana-yori-dango/quotes,2026-08-28T20:33:45.265034+00:00,quoted_for_commentary_candidate,1,48.0,0.0,0.25,"[""longing""]","[""tough"", ""weed"", ""tsukushi"", ""makino""]",curated,country:J|usage:merch_forbidden
26,Hana Yori Dango,J,2005,,Tsukushi Makino,I'm a weed. I won't be crushed that easily.,9,en,Shapes,https://shapes.inc/fandom/boys-over-flowers-1996-anime/quotes,2026-08-28T20:33:45.265034+00:00,quoted_for_commentary_candidate,1,48.0,0.0,0.25,"[""resolve""]","[""i'm"", ""weed"", ""won't"", ""crushed"", ""easily""]",curated,country:J|usage:merch_forbidden|emotion:resolve
27,Hana Yori Dango,J,2005,,Domyouji Tsukasa,You're the only girl who ever punched me.,8,en,Shapes,https://shapes.inc/fandom/boys-over-flowers-manga-hana-yori-dango/quotes,2026-08-28T20:33:45.265034+00:00,quoted_for_commentary_candidate,1,48.0,0.0,0.25,"[""longing""]","[""you're"", ""only"", ""girl"", ""ever"", ""punched""]",curated,country:J|usage:merch_forbidden
28,Hana Yori Dango,J,2005,,Shizuka Todo,Good shoes take you to good places.,7,en,Shapes,https://shapes.inc/fandom/boys-over-flowers-1996-anime/quotes,2026-08-28T20:33:45.265034+00:00,quoted_for_commentary_candidate,1,48.0,0.0,0.25,"[""longing""]","[""good"", ""shoes"", ""take"", ""good"", ""places""]",curated,country:J|usage:merch_forbidden
533,Hana Yori Dango,J,2005,,,"If an apology could solve everything, we wouldn't need the police.",11,en,Shapes,https://shapes.inc/fandom/boys-over-flowers-manga-hana-yori-dango/quotes,2026-08-28T20:34:44.329072+00:00,quoted_for_commentary_candidate,1,48.0,0.0,0.25,"[""longing""]","[""apology"", ""solve"", ""everything"", ""wouldn't"", ""need"", ""police""]",html_scrape,country:J|usage:merch_forbidden
534,Hana Yori Dango,J,2005,,,"Ichigo Ichie. One chance, one encounter.",6,en,Shapes,https://shapes.inc/fandom/boys-over-flowers-manga-hana-yori-dango/quotes,2026-08-28T20:34:44.329072+00:00,quoted_for_commentary_candidate,1,48.0,0.0,0.25,"[""longing""]","[""ichigo"", ""ichie"", ""one"", ""chance"", ""one"", ""encounter""]",html_scrape,country:J|usage:merch_forbidden
536,Hana Yori Dango,J,2005,,,I'll take you there one day. Don't forget the blue paint.,11,en,Shapes,https://shapes.inc/fandom/boys-over-flowers-manga-hana-yori-dango/quotes,2026-08-28T20:34:44.329072+00:00,quoted_for_commentary_candidate,1,48.0,0.0,0.25,"[""longing""]","[""i'll"", ""take"", ""there"", ""one"", ""day"", ""don't"", ""forget"", ""blue"", ""paint""]",html_scrape,country:J|usage:merch_forbidden|trope:time_memory
537,Hana Yori Dango,J,2005,,,I'm the type who'd rather have dumplings than blossoms.,9,en,Shapes,https://shapes.inc/fandom/boys-over-flowers-manga-hana-yori-dango/quotes,2026-08-28T20:34:44.329072+00:00,quoted_for_commentary_candidate,1,48.0,0.0,0.25,"[""longing""]","[""i'm"", ""type"", ""who'd"", ""rather"", ""dumplings"", ""than"", ""blossoms""]",html_scrape,country:J|usage:merch_forbidden
538,Hana Yori Dango,J,2005,,,Hana Yori Dango.,3,en,Shapes,https://shapes.inc/fandom/boys-over-flowers-manga-hana-yori-dango/quotes,2026-08-28T20:34:44.329072+00:00,quoted_for_commentary_candidate,1,48.0,0.0,0.25,"[""longing""]","[""hana"", ""yori"", ""dango""]",html_scrape,country:J|usage:merch_forbidden
542,Hana Yori Dango,J,2005,,,"The moon is beautiful, isn't it?",6,en,Shapes,https://shapes.inc/fandom/boys-over-flowers-manga-hana-yori-dango/quotes,2026-08-28T20:34:44.329072+00:00,quoted_for_commentary_candidate,1,48.0,1.0,0.25,"[""tenderness""]","[""moon"", ""beautiful"", ""isn't""]",html_scrape,country:J|usage:merch_forbidden
543,Hana Yori Dango,J,2005,,,"I love you,",3,en,Shapes,https://shapes.inc/fandom/boys-over-flowers-manga-hana-yori-dango/quotes,2026-08-28T20:34:44.329072+00:00,quoted_for_commentary_candidate,1,48.0,1.0,0.4,"[""tenderness""]","[""love""]",html_scrape,country:J|usage:merch_forbidden|desk:soft_craft|usage:inline_example_ok|usage:epigraph_ok|trope:confession
546,Hana Yori Dango,J,2005,,,You're the only girl who ever punched me. You're interesting.,10,en,Shapes,https://shapes.inc/fandom/boys-over-flowers-manga-hana-yori-dango/quotes,2026-08-28T20:34:44.329072+00:00,quoted_for_commentary_candidate,1,48.0,0.0,0.25,"[""longing""]","[""you're"", ""only"", ""girl"", ""ever"", ""punched"", ""you're"", ""interesting""]",html_scrape,country:J|usage:merch_forbidden
22,Tokyo Love Story,J,1991,,Akana Rika,It isn't loneliness because nobody is there.,7,en,LINE TODAY,https://today.line.me/tw/v3/article/9mW3B63,2026-08-28T20:26:39.298140+00:00,quoted_for_commentary_candidate,1,48.0,0.0,0.25,"[""longing""]","[""isn't"", ""loneliness"", ""because"", ""nobody"", ""there""]",curated,country:J|usage:merch_forbidden
23,Tokyo Love Story,J,1991,,Akana Rika,Liking someone isn't shameful.,4,en,LINE TODAY,https://today.line.me/tw/v3/article/9mW3B63,2026-08-28T20:26:39.298140+00:00,quoted_for_commentary_candidate,1,48.0,0.0,0.25,"[""longing""]","[""liking"", ""someone"", ""isn't"", ""shameful""]",curated,country:J|usage:merch_forbidden
24,Tokyo Love Story,J,1991,,Akana Rika,Tell me how not to fall in love with someone.,10,en,OOXX Talk,https://ooxxtalk.com/tokyo_love_story_1/,2026-08-28T20:26:39.298140+00:00,quoted_for_commentary_candidate,1,48.0,1.0,0.4,"[""tenderness""]","[""tell"", ""fall"", ""love"", ""someone""]",curated,country:J|usage:merch_forbidden|desk:soft_craft|usage:inline_example_ok|usage:epigraph_ok
532,Hana Yori Dango,J,2005,,,"I am the tough weed , Tsukushi Makino ! I won't be defeated by the likes of you!",16,en,Shapes,https://shapes.inc/fandom/boys-over-flowers-manga-hana-yori-dango/quotes,2026-08-28T20:34:44.329072+00:00,quoted_for_commentary_candidate,1,44.0,0.0,0.25,"[""resolve""]","[""tough"", ""weed"", ""tsukushi"", ""makino"", ""won't"", ""defeated"", ""likes""]",html_scrape,country:J|usage:merch_forbidden|emotion:resolve
539,Hana Yori Dango,J,2005,,,I've always been looking at you. Even when you were looking at someone else.,14,en,Shapes,https://shapes.inc/fandom/boys-over-flowers-manga-hana-yori-dango/quotes,2026-08-28T20:34:44.329072+00:00,quoted_for_commentary_candidate,1,44.0,1.0,0.4,"[""resolve""]","[""i've"", ""always"", ""looking"", ""even"", ""looking"", ""someone"", ""else""]",html_scrape,country:J|usage:merch_forbidden|emotion:resolve
544,Hana Yori Dango,J,2005,,,Being rich doesn't mean you're happy. It just means you have more expensive problems.,14,en,Shapes,https://shapes.inc/fandom/boys-over-flowers-manga-hana-yori-dango/quotes,2026-08-28T20:34:44.329072+00:00,quoted_for_commentary_candidate,1,44.0,1.0,0.25,"[""tenderness""]","[""being"", ""rich"", ""doesn't"", ""mean"", ""you're"", ""happy"", ""means"", ""more"", ""expensive"", ""problems""]",html_scrape,country:J|usage:merch_forbidden|trope:status_gap
547,Hana Yori Dango,J,2005,,,"A person's worth isn't determined by their bank account, but by the strength of their heart.",16,en,Shapes,https://shapes.inc/fandom/boys-over-flowers-manga-hana-yori-dango/quotes,2026-08-28T20:34:44.329072+00:00,quoted_for_commentary_candidate,1,44.0,1.0,0.25,"[""tenderness""]","[""person's"", ""worth"", ""isn't"", ""determined"", ""bank"", ""account"", ""strength"", ""heart""]",html_scrape,country:J|usage:merch_forbidden|desk:soft_craft|usage:epigraph_ok
548,Hana Yori Dango,J,2005,,,I’m not a prince. I’m just a guy who’s lost without you.,15,en,Shapes,https://shapes.inc/fandom/boys-over-flowers-manga-hana-yori-dango/quotes,2026-08-28T20:34:44.329072+00:00,quoted_for_commentary_candidate,1,44.0,0.0,0.25,"[""longing""]","[""prince"", ""guy"", ""lost"", ""without""]",html_scrape,country:J|usage:merch_forbidden
549,Hana Yori Dango,J,2005,,,"Sometimes, the person you'd take a bullet for is the one behind the trigger.",14,en,Shapes,https://shapes.inc/fandom/boys-over-flowers-manga-hana-yori-dango/quotes,2026-08-28T20:34:44.329072+00:00,quoted_for_commentary_candidate,1,44.0,0.0,0.25,"[""longing""]","[""sometimes"", ""person"", ""you'd"", ""take"", ""bullet"", ""one"", ""behind"", ""trigger""]",html_scrape,country:J|usage:merch_forbidden
550,Hana Yori Dango,J,2005,,,I don't need a knight in shining armor. I can swing my own sword.,14,en,Shapes,https://shapes.inc/fandom/boys-over-flowers-manga-hana-yori-dango/quotes,2026-08-28T20:34:44.329072+00:00,quoted_for_commentary_candidate,1,44.0,0.0,0.25,"[""longing""]","[""don't"", ""need"", ""knight"", ""shining"", ""armor"", ""swing"", ""own"", ""sword""]",html_scrape,country:J|usage:merch_forbidden
552,Hana Yori Dango,J,2005,,,"Even if we are apart, our hearts will always be under the same sky.",14,en,Shapes,https://shapes.inc/fandom/boys-over-flowers-manga-hana-yori-dango/quotes,2026-08-28T20:34:44.329072+00:00,quoted_for_commentary_candidate,1,44.0,1.0,0.4,"[""resolve""]","[""even"", ""apart"", ""hearts"", ""always"", ""under"", ""same"", ""sky""]",html_scrape,country:J|usage:merch_forbidden|emotion:resolve
553,Hana Yori Dango,J,2005,,,"Don't look back. If you look back, you'll see how far you've fallen. Just keep looking up.",17,en,Shapes,https://shapes.inc/fandom/boys-over-flowers-manga-hana-yori-dango/quotes,2026-08-28T20:34:44.329072+00:00,quoted_for_commentary_candidate,1,44.0,0.0,0.25,"[""longing""]","[""don't"", ""look"", ""back"", ""look"", ""back"", ""you'll"", ""see"", ""far"", ""you've"", ""fallen"", ""keep"", ""looking""]",html_scrape,country:J|usage:merch_forbidden
535,Hana Yori Dango,J,2005,,,Is being silent and suppressing your own feelings really being thoughtful of the other person? Is it right to end this way?,22,en,Shapes,https://shapes.inc/fandom/boys-over-flowers-manga-hana-yori-dango/quotes,2026-08-28T20:34:44.329072+00:00,quoted_for_commentary_candidate,1,40.0,0.0,0.25,"[""longing""]","[""being"", ""silent"", ""suppressing"", ""own"", ""feelings"", ""really"", ""being"", ""thoughtful"", ""other"", ""person"", ""right"", ""end"", ""way""]",html_scrape,country:J|usage:merch_forbidden
540,Hana Yori Dango,J,2005,,,"If you're going to be a weed, be a weed that blooms into a flower that no one can ignore.",20,en,Shapes,https://shapes.inc/fandom/boys-over-flowers-manga-hana-yori-dango/quotes,2026-08-28T20:34:44.329072+00:00,quoted_for_commentary_candidate,1,40.0,0.0,0.25,"[""longing""]","[""you're"", ""going"", ""weed"", ""weed"", ""blooms"", ""flower"", ""one"", ""ignore""]",html_scrape,country:J|usage:merch_forbidden
541,Hana Yori Dango,J,2005,,,I don't care about your money. I don't care about your status. I just want the person who can see me for who I am.,25,en,Shapes,https://shapes.inc/fandom/boys-over-flowers-manga-hana-yori-dango/quotes,2026-08-28T20:34:44.329072+00:00,quoted_for_commentary_candidate,1,40.0,0.0,0.25,"[""tenderness""]","[""don't"", ""care"", ""money"", ""don't"", ""care"", ""status"", ""want"", ""person"", ""see""]",html_scrape,country:J|usage:merch_forbidden|emotion:tenderness
545,Hana Yori Dango,J,2005,,,I'll make you the happiest woman in the world. Even if I have to fight the whole world to do it.,21,en,Shapes,https://shapes.inc/fandom/boys-over-flowers-manga-hana-yori-dango/quotes,2026-08-28T20:34:44.329072+00:00,quoted_for_commentary_candidate,1,40.0,0.0,0.4,"[""resolve""]","[""i'll"", ""make"", ""happiest"", ""woman"", ""world"", ""even"", ""fight"", ""whole"", ""world""]",html_scrape,country:J|usage:merch_forbidden|emotion:resolve
35,Boys Over Flowers,K,2009,,Gu Jun-pyo,"If apologizing solves everything, why do you think there are laws?",11,en,IMDb,https://www.imdb.com/title/tt1378091/quotes/,2026-08-28T20:33:45.265034+00:00,quoted_for_commentary_candidate,1,48.0,0.0,0.25,"[""longing""]","[""apologizing"", ""solves"", ""everything"", ""think"", ""there"", ""laws""]",E1,country:K|usage:merch_forbidden
36,Boys Over Flowers,K,2009,,Geum Jan-di,Commoners are nothing if not unyielding and persevering!,8,en,IMDb,https://www.imdb.com/title/tt1378091/quotes/,2026-08-28T20:33:45.265034+00:00,quoted_for_commentary_candidate,1,48.0,0.0,0.25,"[""longing""]","[""commoners"", ""nothing"", ""unyielding"", ""persevering""]",E1,country:K|usage:merch_forbidden
1,Crash Landing on You,K,2019,,Yoon Se-ri,Sometimes the wrong train takes you to the right station.,10,en,MovieSense,https://moviesense.io/crash-landing-on-you/quotes,2026-08-28T20:26:39.298140+00:00,quoted_for_commentary_candidate,1,48.0,0.0,0.25,"[""longing""]","[""sometimes"", ""wrong"", ""train"", ""takes"", ""right"", ""station""]",E5,country:K|usage:merch_forbidden
2,Crash Landing on You,K,2019,,Yoon Se-ri,Let's say destiny brought us together.,6,en,Morning Lazziness,https://www.morninglazziness.com/web-stories/10-best-quotes-from-crash-landing-on-you/,2026-08-28T20:26:39.298140+00:00,quoted_for_commentary_candidate,1,48.0,1.0,0.4,"[""tenderness""]","[""let's"", ""say"", ""destiny"", ""brought"", ""together""]",curated,country:K|usage:merch_forbidden|trope:destiny_fate|trope:found_family|desk:soft_craft|desk:mirror_roast_safe|usage:inline_example_ok
3,Crash Landing on You,K,2019,,Ri Jeong-hyeok,Fortune and misfortune are like twisted rope.,7,en,Morning Lazziness,https://www.morninglazziness.com/web-stories/10-best-quotes-from-crash-landing-on-you/,2026-08-28T20:26:39.298140+00:00,quoted_for_commentary_candidate,1,48.0,0.0,0.25,"[""longing""]","[""fortune"", ""misfortune"", ""like"", ""twisted"", ""rope""]",curated,country:K|usage:merch_forbidden
4,Crash Landing on You,K,2019,,Ri Jeong-hyeok,I like that woman. I have feelings for her.,9,en,ThyQuotes,https://www.thyquotes.com/ri-jeong-hyeok/,2026-08-28T20:26:39.298140+00:00,quoted_for_commentary_candidate,1,48.0,0.0,0.25,"[""longing""]","[""like"", ""woman"", ""feelings""]",E7,country:K|usage:merch_forbidden
5,Crash Landing on You,K,2019,,Ri Jeong-hyeok,Keep only the people you like in your heart.,9,en,NeedSomeFun,https://www.needsomefun.net/best-16-crash-landing-on-you-quotes-korean-tv-series/,2026-08-28T20:26:39.298140+00:00,quoted_for_commentary_candidate,1,48.0,1.0,0.25,"[""tenderness""]","[""keep"", ""only"", ""people"", ""like"", ""heart""]",curated,country:K|usage:merch_forbidden|desk:soft_craft|usage:epigraph_ok
554,Crash Landing on You,K,2019,,,가끔은 잘못 탄 기차가 목적지에 데려다주기도 한다. (Sometimes the wrong train takes you to the right station.),10,en,MovieSense,https://moviesense.io/crash-landing-on-you/quotes,2026-08-28T20:34:44.329072+00:00,quoted_for_commentary_candidate,1,48.0,0.0,0.25,"[""longing""]","[""sometimes"", ""wrong"", ""train"", ""takes"", ""right"", ""station""]",html_scrape,country:K|usage:merch_forbidden
11,Descendants of the Sun,K,2016,,Yoo Si-jin,You are already beautiful.,4,en,The Korea Times,https://www.koreatimes.co.kr/entertainment/shows-dramas/20160310/10-sweetest-quotes-from-descendants-of-the-sun,2026-08-28T20:26:39.298140+00:00,quoted_for_commentary_candidate,1,48.0,1.0,0.25,"[""tenderness""]","[""already"", ""beautiful""]",curated,country:K|usage:merch_forbidden
12,Descendants of the Sun,K,2016,,Yoo Si-jin,Just worry about me from now on.,7,en,The Korea Times,https://www.koreatimes.co.kr/entertainment/shows-dramas/20160310/10-sweetest-quotes-from-descendants-of-the-sun,2026-08-28T20:26:39.298140+00:00,quoted_for_commentary_candidate,1,48.0,0.0,0.25,"[""longing""]","[""worry"", ""now""]",curated,country:K|usage:merch_forbidden
13,Descendants of the Sun,K,2016,,Yoo Si-jin,There is a way.,4,en,The Korea Times,https://www.koreatimes.co.kr/entertainment/shows-dramas/20160310/10-sweetest-quotes-from-descendants-of-the-sun,2026-08-28T20:26:39.298140+00:00,quoted_for_commentary_candidate,1,48.0,0.0,0.25,"[""longing""]","[""there"", ""way""]",curated,country:K|usage:merch_forbidden
14,Descendants of the Sun,K,2016,,Yoo Si-jin,I never interrupt my enemies when they are making mistakes.,10,en,Slice of Asian Life,https://sliceofasianlife.com/2016/04/13/descendants-of-the-sun-quotes/,2026-08-28T20:26:39.298140+00:00,quoted_for_commentary_candidate,1,48.0,0.0,0.4,"[""resolve""]","[""never"", ""interrupt"", ""enemies"", ""making"", ""mistakes""]",E1,country:K|usage:merch_forbidden|emotion:resolve
16,Descendants of the Sun,K,2016,,Kang Mo-yeon,I fight for life.,4,en,Slice of Asian Life,https://sliceofasianlife.com/2016/04/13/descendants-of-the-sun-quotes/,2026-08-28T20:26:39.298140+00:00,quoted_for_commentary_candidate,1,48.0,0.0,0.4,"[""resolve""]","[""fight"", ""life""]",E2,country:K|usage:merch_forbidden|emotion:resolve
478,Descendants of the Sun,K,2016,,,When can we talk to each other without our ranks between us?,12,en,Slice of Asian Life,https://sliceofasianlife.com/2016/04/13/descendants-of-the-sun-quotes/,2026-08-28T20:34:44.329072+00:00,quoted_for_commentary_candidate,1,48.0,0.0,0.25,"[""longing""]","[""talk"", ""each"", ""other"", ""without"", ""ranks"", ""between""]",html_scrape,country:K|usage:merch_forbidden
480,Descendants of the Sun,K,2016,,,Doctors don’t have boyfriends because they’re too busy.,10,en,Slice of Asian Life,https://sliceofasianlife.com/2016/04/13/descendants-of-the-sun-quotes/,2026-08-28T20:34:44.329072+00:00,quoted_for_commentary_candidate,1,48.0,0.0,0.25,"[""longing""]","[""doctors"", ""don"", ""boyfriends"", ""because"", ""too"", ""busy""]",html_scrape,country:K|usage:merch_forbidden
485,Descendants of the Sun,K,2016,,,I think we’re bumping into each other while we pass by .,12,en,Slice of Asian Life,https://sliceofasianlife.com/2016/04/13/descendants-of-the-sun-quotes/,2026-08-28T20:34:44.329072+00:00,quoted_for_commentary_candidate,1,48.0,0.0,0.25,"[""longing""]","[""think"", ""bumping"", ""each"", ""other"", ""while"", ""pass""]",html_scrape,country:K|usage:merch_forbidden
486,Descendants of the Sun,K,2016,,,Don’t give out unless you have for everyone.,9,en,Slice of Asian Life,https://sliceofasianlife.com/2016/04/13/descendants-of-the-sun-quotes/,2026-08-28T20:34:44.329072+00:00,quoted_for_commentary_candidate,1,48.0,0.0,0.25,"[""longing""]","[""don"", ""give"", ""out"", ""unless"", ""everyone""]",html_scrape,country:K|usage:merch_forbidden
488,Descendants of the Sun,K,2016,,,Have you ever been bewitched?,5,en,Slice of Asian Life,https://sliceofasianlife.com/2016/04/13/descendants-of-the-sun-quotes/,2026-08-28T20:34:44.329072+00:00,quoted_for_commentary_candidate,1,48.0,0.0,0.25,"[""longing""]","[""ever"", ""bewitched""]",html_scrape,country:K|usage:merch_forbidden
489,Descendants of the Sun,K,2016,,,I have and I think you know.,7,en,Slice of Asian Life,https://sliceofasianlife.com/2016/04/13/descendants-of-the-sun-quotes/,2026-08-28T20:34:44.329072+00:00,quoted_for_commentary_candidate,1,48.0,0.0,0.25,"[""longing""]","[""think"", ""know""]",html_scrape,country:K|usage:merch_forbidden
491,Descendants of the Sun,K,2016,,,"Today, every call my superior office made was right, justify & honorable.",11,en,Slice of Asian Life,https://sliceofasianlife.com/2016/04/13/descendants-of-the-sun-quotes/,2026-08-28T20:34:44.329072+00:00,quoted_for_commentary_candidate,1,48.0,0.0,0.25,"[""longing""]","[""today"", ""every"", ""call"", ""superior"", ""office"", ""made"", ""right"", ""justify"", ""honorable""]",html_scrape,country:K|usage:merch_forbidden|trope:workplace
494,Descendants of the Sun,K,2016,,,You can’t be happy if you have regrets.,9,en,Slice of Asian Life,https://sliceofasianlife.com/2016/04/13/descendants-of-the-sun-quotes/,2026-08-28T20:34:44.329072+00:00,quoted_for_commentary_candidate,1,48.0,1.0,0.25,"[""tenderness""]","[""happy"", ""regrets""]",html_scrape,country:K|usage:merch_forbidden
498,Descendants of the Sun,K,2016,,,Should I apologize … or confess my love?,7,en,Slice of Asian Life,https://sliceofasianlife.com/2016/04/13/descendants-of-the-sun-quotes/,2026-08-28T20:34:44.329072+00:00,quoted_for_commentary_candidate,1,48.0,1.0,0.4,"[""tenderness""]","[""apologize"", ""confess"", ""love""]",html_scrape,country:K|usage:merch_forbidden|desk:soft_craft|usage:inline_example_ok|usage:epigraph_ok|trope:confession
502,Descendants of the Sun,K,2016,,,You never know. Today’s plan might change tomorrow.,9,en,Slice of Asian Life,https://sliceofasianlife.com/2016/04/13/descendants-of-the-sun-quotes/,2026-08-28T20:34:44.329072+00:00,quoted_for_commentary_candidate,1,48.0,0.0,0.4,"[""resolve""]","[""never"", ""know"", ""today"", ""plan"", ""might"", ""change"", ""tomorrow""]",html_scrape,country:K|usage:merch_forbidden|emotion:resolve
503,Descendants of the Sun,K,2016,,,If you’re a doctor act like one.,8,en,Slice of Asian Life,https://sliceofasianlife.com/2016/04/13/descendants-of-the-sun-quotes/,2026-08-28T20:34:44.329072+00:00,quoted_for_commentary_candidate,1,48.0,0.0,0.25,"[""longing""]","[""doctor"", ""act"", ""like"", ""one""]",html_scrape,country:K|usage:merch_forbidden
508,Descendants of the Sun,K,2016,,,I’ll give only the right orders.,7,en,Slice of Asian Life,https://sliceofasianlife.com/2016/04/13/descendants-of-the-sun-quotes/,2026-08-28T20:34:44.329072+00:00,quoted_for_commentary_candidate,1,48.0,0.0,0.25,"[""longing""]","[""give"", ""only"", ""right"", ""orders""]",html_scrape,country:K|usage:merch_forbidden
509,Descendants of the Sun,K,2016,,,Was this something you never thought you’d hear?,9,en,Slice of Asian Life,https://sliceofasianlife.com/2016/04/13/descendants-of-the-sun-quotes/,2026-08-28T20:34:44.329072+00:00,quoted_for_commentary_candidate,1,48.0,0.0,0.4,"[""resolve""]","[""something"", ""never"", ""thought"", ""hear""]",html_scrape,country:K|usage:merch_forbidden|emotion:resolve
514,Descendants of the Sun,K,2016,,,Being serious when it’s serious only makes it worse.,10,en,Slice of Asian Life,https://sliceofasianlife.com/2016/04/13/descendants-of-the-sun-quotes/,2026-08-28T20:34:44.329072+00:00,quoted_for_commentary_candidate,1,48.0,0.0,0.25,"[""longing""]","[""being"", ""serious"", ""serious"", ""only"", ""makes"", ""worse""]",html_scrape,country:K|usage:merch_forbidden
518,Descendants of the Sun,K,2016,,,Lending a hand to another … means you have more responsibilities to take.,12,en,Slice of Asian Life,https://sliceofasianlife.com/2016/04/13/descendants-of-the-sun-quotes/,2026-08-28T20:34:44.329072+00:00,quoted_for_commentary_candidate,1,48.0,0.0,0.25,"[""longing""]","[""lending"", ""hand"", ""another"", ""means"", ""more"", ""responsibilities"", ""take""]",html_scrape,country:K|usage:merch_forbidden
522,Descendants of the Sun,K,2016,,,You are already beautiful,4,en,The Korea Times,https://www.koreatimes.co.kr/entertainment/shows-dramas/20160310/10-sweetest-quotes-from-descendants-of-the-sun,2026-08-28T20:34:44.329072+00:00,quoted_for_commentary_candidate,1,48.0,1.0,0.25,"[""tenderness""]","[""already"", ""beautiful""]",html_scrape,country:K|usage:merch_forbidden
525,Descendants of the Sun,K,2016,,,"Yes … you know, I have (been bewitched by something).",9,en,The Korea Times,https://www.koreatimes.co.kr/entertainment/shows-dramas/20160310/10-sweetest-quotes-from-descendants-of-the-sun,2026-08-28T20:34:44.329072+00:00,quoted_for_commentary_candidate,1,48.0,0.0,0.25,"[""longing""]","[""know"", ""bewitched"", ""something""]",html_scrape,country:K|usage:merch_forbidden
526,Descendants of the Sun,K,2016,,,Have you ever been bewitched by something?,7,en,The Korea Times,https://www.koreatimes.co.kr/entertainment/shows-dramas/20160310/10-sweetest-quotes-from-descendants-of-the-sun,2026-08-28T20:34:44.329072+00:00,quoted_for_commentary_candidate,1,48.0,0.0,0.25,"[""longing""]","[""ever"", ""bewitched"", ""something""]",html_scrape,country:K|usage:merch_forbidden
528,Descendants of the Sun,K,2016,,,Didn’t you say the beach is far from here?,10,en,The Korea Times,https://www.koreatimes.co.kr/entertainment/shows-dramas/20160310/10-sweetest-quotes-from-descendants-of-the-sun,2026-08-28T20:34:44.329072+00:00,quoted_for_commentary_candidate,1,48.0,0.0,0.25,"[""longing""]","[""didn"", ""say"", ""beach"", ""far"", ""here""]",html_scrape,country:K|usage:merch_forbidden
531,Descendants of the Sun,K,2016,,,I feel most excited before the lights of the theater go out.,12,en,The Korea Times,https://www.koreatimes.co.kr/entertainment/shows-dramas/20160310/10-sweetest-quotes-from-descendants-of-the-sun,2026-08-28T20:34:44.329072+00:00,quoted_for_commentary_candidate,1,48.0,0.0,0.25,"[""longing""]","[""feel"", ""most"", ""excited"", ""before"", ""lights"", ""theater"", ""out""]",html_scrape,country:K|usage:merch_forbidden|desk:soft_craft
7,Goblin,K,2016,,Kim Shin,You are my life and my death. And I like you.,11,en,Times Now,https://www.timesnownews.com/web-stories/entertainment/goblin-9-quotes-gong-yoo-kim-go-eun-lee-dong-wook-that-are-deep-emotional-wholesome/photostory/115944033.cms,2026-08-28T20:26:39.298140+00:00,quoted_for_commentary_candidate,1,48.0,0.0,0.25,"[""longing""]","[""life"", ""death"", ""like""]",curated,country:K|usage:merch_forbidden|trope:confession
8,Goblin,K,2016,,Kim Shin,Every moment I spent with you shined.,7,en,Times Now,https://www.timesnownews.com/web-stories/entertainment/goblin-9-quotes-gong-yoo-kim-go-eun-lee-dong-wook-that-are-deep-emotional-wholesome/photostory/115944033.cms,2026-08-28T20:26:39.298140+00:00,quoted_for_commentary_candidate,1,48.0,0.0,0.25,"[""longing""]","[""every"", ""moment"", ""spent"", ""shined""]",curated,country:K|usage:merch_forbidden
9,Goblin,K,2016,,Kim Shin,What are you going to choose? Sadness or love?,9,en,Sperohope,https://en.sperohope.com/las-50-mejores-frases-de-goblin,2026-08-28T20:26:39.298140+00:00,quoted_for_commentary_candidate,1,48.0,1.0,0.4,"[""tenderness""]","[""going"", ""choose"", ""sadness"", ""love""]",curated,country:K|usage:merch_forbidden|desk:soft_craft|usage:inline_example_ok|usage:epigraph_ok
10,Goblin,K,2016,,Ji Eun-tak,Who are you to judge whether or not I am valuable?,11,en,Sperohope,https://en.sperohope.com/las-50-mejores-frases-de-goblin,2026-08-28T20:26:39.298140+00:00,quoted_for_commentary_candidate,1,48.0,0.0,0.25,"[""longing""]","[""judge"", ""whether"", ""valuable""]",curated,country:K|usage:merch_forbidden
6,Crash Landing on You,K,2019,,Go Myung-suk,"If your view of something is already negative, then everything will look wrong.",13,en,Morning Lazziness,https://www.morninglazziness.com/web-stories/10-best-quotes-from-crash-landing-on-you/,2026-08-28T20:26:39.298140+00:00,quoted_for_commentary_candidate,1,44.0,0.0,0.25,"[""resolve""]","[""view"", ""something"", ""already"", ""negative"", ""then"", ""everything"", ""look"", ""wrong""]",curated,country:K|usage:merch_forbidden|emotion:resolve
555,Crash Landing on You,K,2019,,,"약속하시오. 내 눈에 보이는 데만 있겠다고. 내 눈에 보이는 데 있으면, 안전할 거요. (Promise me. You'll stay in my sight. If you're in my sight, you'll be safe.)",15,en,MovieSense,https://moviesense.io/crash-landing-on-you/quotes,2026-08-28T20:34:44.329072+00:00,quoted_for_commentary_candidate,1,44.0,1.0,0.25,"[""resolve""]","[""promise"", ""you'll"", ""stay"", ""sight"", ""you're"", ""sight"", ""you'll"", ""safe""]",html_scrape,country:K|usage:merch_forbidden|usage:inline_example_ok|emotion:resolve
15,Descendants of the Sun,K,2016,,Seo Dae-young,I do not have the skills to explain the things of the heart.,13,en,Slice of Asian Life,https://sliceofasianlife.com/2016/04/13/descendants-of-the-sun-quotes/,2026-08-28T20:26:39.298140+00:00,quoted_for_commentary_candidate,1,44.0,1.0,0.25,"[""tenderness""]","[""skills"", ""explain"", ""things"", ""heart""]",E1,country:K|usage:merch_forbidden|desk:soft_craft|usage:epigraph_ok
479,Descendants of the Sun,K,2016,,,We learn to get beat up first before we learn to hit others.,13,en,Slice of Asian Life,https://sliceofasianlife.com/2016/04/13/descendants-of-the-sun-quotes/,2026-08-28T20:34:44.329072+00:00,quoted_for_commentary_candidate,1,44.0,0.0,0.25,"[""longing""]","[""learn"", ""get"", ""beat"", ""first"", ""before"", ""learn"", ""hit"", ""others""]",html_scrape,country:K|usage:merch_forbidden
481,Descendants of the Sun,K,2016,,,Soldiers don’t have girlfriends because it’s too hard (too much work).,13,en,Slice of Asian Life,https://sliceofasianlife.com/2016/04/13/descendants-of-the-sun-quotes/,2026-08-28T20:34:44.329072+00:00,quoted_for_commentary_candidate,1,44.0,0.0,0.25,"[""longing""]","[""soldiers"", ""don"", ""girlfriends"", ""because"", ""too"", ""hard"", ""too"", ""much"", ""work""]",html_scrape,country:K|usage:merch_forbidden
482,Descendants of the Sun,K,2016,,,I fight for life. But your fight .. is to protect others through death.,13,en,Slice of Asian Life,https://sliceofasianlife.com/2016/04/13/descendants-of-the-sun-quotes/,2026-08-28T20:34:44.329072+00:00,quoted_for_commentary_candidate,1,44.0,0.0,0.55,"[""tenderness"", ""resolve""]","[""fight"", ""life"", ""fight"", ""protect"", ""others"", ""through"", ""death""]",html_scrape,country:K|usage:merch_forbidden|emotion:resolve|emotion:tenderness
483,Descendants of the Sun,K,2016,,,"I believe that life is sanctified, and that no value or ideology is above is.",15,en,Slice of Asian Life,https://sliceofasianlife.com/2016/04/13/descendants-of-the-sun-quotes/,2026-08-28T20:34:44.329072+00:00,quoted_for_commentary_candidate,1,44.0,0.0,0.25,"[""longing""]","[""believe"", ""life"", ""sanctified"", ""value"", ""ideology"", ""above""]",html_scrape,country:K|usage:merch_forbidden
484,Descendants of the Sun,K,2016,,,"Guns are not like dogs. They don’t recognize their owners. If I shoot, you’ll get shot.",18,en,Slice of Asian Life,https://sliceofasianlife.com/2016/04/13/descendants-of-the-sun-quotes/,2026-08-28T20:34:44.329072+00:00,quoted_for_commentary_candidate,1,44.0,0.0,0.25,"[""longing""]","[""guns"", ""like"", ""dogs"", ""don"", ""recognize"", ""owners"", ""shoot"", ""get"", ""shot""]",html_scrape,country:K|usage:merch_forbidden
487,Descendants of the Sun,K,2016,,,This is the end of something when it’s bewitched by a beautiful thing .,14,en,Slice of Asian Life,https://sliceofasianlife.com/2016/04/13/descendants-of-the-sun-quotes/,2026-08-28T20:34:44.329072+00:00,quoted_for_commentary_candidate,1,44.0,1.0,0.25,"[""tenderness""]","[""end"", ""something"", ""bewitched"", ""beautiful"", ""thing""]",html_scrape,country:K|usage:merch_forbidden
490,Descendants of the Sun,K,2016,,,The doctor will save her patient and I will protect what I have to.,14,en,Slice of Asian Life,https://sliceofasianlife.com/2016/04/13/descendants-of-the-sun-quotes/,2026-08-28T20:34:44.329072+00:00,quoted_for_commentary_candidate,1,44.0,0.0,0.25,"[""tenderness"", ""resolve""]","[""doctor"", ""save"", ""patient"", ""protect""]",html_scrape,country:K|usage:merch_forbidden|emotion:resolve|emotion:tenderness
492,Descendants of the Sun,K,2016,,,"I ran away because it was an order, it wasn’t my own will.",14,en,Slice of Asian Life,https://sliceofasianlife.com/2016/04/13/descendants-of-the-sun-quotes/,2026-08-28T20:34:44.329072+00:00,quoted_for_commentary_candidate,1,44.0,0.0,0.25,"[""longing"", ""resolve""]","[""ran"", ""away"", ""because"", ""order"", ""wasn"", ""own""]",html_scrape,country:K|usage:merch_forbidden|emotion:resolve|emotion:longing
493,Descendants of the Sun,K,2016,,,You are just the person I was looking for. But you shouldn’t be here.,15,en,Slice of Asian Life,https://sliceofasianlife.com/2016/04/13/descendants-of-the-sun-quotes/,2026-08-28T20:34:44.329072+00:00,quoted_for_commentary_candidate,1,44.0,0.0,0.25,"[""longing""]","[""person"", ""looking"", ""shouldn"", ""here""]",html_scrape,country:K|usage:merch_forbidden
495,Descendants of the Sun,K,2016,,,War is easy and Peace is always an issue. Perhaps that’s why dictators always live long.,17,en,Slice of Asian Life,https://sliceofasianlife.com/2016/04/13/descendants-of-the-sun-quotes/,2026-08-28T20:34:44.329072+00:00,quoted_for_commentary_candidate,1,44.0,1.0,0.55,"[""resolve""]","[""war"", ""easy"", ""peace"", ""always"", ""issue"", ""perhaps"", ""dictators"", ""always"", ""live"", ""long""]",html_scrape,country:K|usage:merch_forbidden|emotion:resolve
496,Descendants of the Sun,K,2016,,,It’s my belief that … a life chasing after money is better than being chased by money.,17,en,Slice of Asian Life,https://sliceofasianlife.com/2016/04/13/descendants-of-the-sun-quotes/,2026-08-28T20:34:44.329072+00:00,quoted_for_commentary_candidate,1,44.0,0.0,0.25,"[""longing""]","[""belief"", ""life"", ""chasing"", ""after"", ""money"", ""better"", ""than"", ""being"", ""chased"", ""money""]",html_scrape,country:K|usage:merch_forbidden
501,Descendants of the Sun,K,2016,,,I am the one who missed all the opportunities . How could he have loved me.,15,en,Slice of Asian Life,https://sliceofasianlife.com/2016/04/13/descendants-of-the-sun-quotes/,2026-08-28T20:34:44.329072+00:00,quoted_for_commentary_candidate,1,44.0,0.0,0.25,"[""longing""]","[""one"", ""missed"", ""opportunities"", ""loved""]",html_scrape,country:K|usage:merch_forbidden
505,Descendants of the Sun,K,2016,,,Do not get hurt. This is an order. Keep that order with your life!,14,en,Slice of Asian Life,https://sliceofasianlife.com/2016/04/13/descendants-of-the-sun-quotes/,2026-08-28T20:34:44.329072+00:00,quoted_for_commentary_candidate,1,44.0,-1.0,0.25,"[""melancholy""]","[""get"", ""hurt"", ""order"", ""keep"", ""order"", ""life""]",html_scrape,country:K|usage:merch_forbidden|emotion:melancholy
506,Descendants of the Sun,K,2016,,,I’ve been regretting .. not saying goodbye to you before I left on that day.,15,en,Slice of Asian Life,https://sliceofasianlife.com/2016/04/13/descendants-of-the-sun-quotes/,2026-08-28T20:34:44.329072+00:00,quoted_for_commentary_candidate,1,44.0,0.0,0.25,"[""longing""]","[""regretting"", ""saying"", ""goodbye"", ""before"", ""left"", ""day""]",html_scrape,country:K|usage:merch_forbidden
507,Descendants of the Sun,K,2016,,,There is no best decision at rescue fields. We just solve problem .. that are in front of us.,18,en,Slice of Asian Life,https://sliceofasianlife.com/2016/04/13/descendants-of-the-sun-quotes/,2026-08-28T20:34:44.329072+00:00,quoted_for_commentary_candidate,1,44.0,0.0,0.25,"[""longing""]","[""there"", ""best"", ""decision"", ""rescue"", ""fields"", ""solve"", ""problem"", ""front""]",html_scrape,country:K|usage:merch_forbidden
510,Descendants of the Sun,K,2016,,,I can’t wipe your tears since you didn’t answer my questions.,13,en,Slice of Asian Life,https://sliceofasianlife.com/2016/04/13/descendants-of-the-sun-quotes/,2026-08-28T20:34:44.329072+00:00,quoted_for_commentary_candidate,1,44.0,0.0,0.25,"[""longing""]","[""wipe"", ""tears"", ""since"", ""didn"", ""answer"", ""questions""]",html_scrape,country:K|usage:merch_forbidden
512,Descendants of the Sun,K,2016,,,Your doctor is not a TV channel. You can’t switch it whenever you want.,15,en,Slice of Asian Life,https://sliceofasianlife.com/2016/04/13/descendants-of-the-sun-quotes/,2026-08-28T20:34:44.329072+00:00,quoted_for_commentary_candidate,1,44.0,0.0,0.25,"[""longing""]","[""doctor"", ""channel"", ""switch"", ""whenever"", ""want""]",html_scrape,country:K|usage:merch_forbidden
515,Descendants of the Sun,K,2016,,,I want our relationship to be a melodrama but it turns into a blockbusters.,14,en,Slice of Asian Life,https://sliceofasianlife.com/2016/04/13/descendants-of-the-sun-quotes/,2026-08-28T20:34:44.329072+00:00,quoted_for_commentary_candidate,1,44.0,0.0,0.25,"[""longing""]","[""want"", ""relationship"", ""melodrama"", ""turns"", ""blockbusters""]",html_scrape,country:K|usage:merch_forbidden
516,Descendants of the Sun,K,2016,,,"You do your job as a doctor. If we have to kill someone, I’ll do my job.",18,en,Slice of Asian Life,https://sliceofasianlife.com/2016/04/13/descendants-of-the-sun-quotes/,2026-08-28T20:34:44.329072+00:00,quoted_for_commentary_candidate,1,44.0,0.0,0.25,"[""longing""]","[""job"", ""doctor"", ""kill"", ""someone"", ""job""]",html_scrape,country:K|usage:merch_forbidden
517,Descendants of the Sun,K,2016,,,Love compels us to do things for others that they can do themselves.,13,en,Slice of Asian Life,https://sliceofasianlife.com/2016/04/13/descendants-of-the-sun-quotes/,2026-08-28T20:34:44.329072+00:00,quoted_for_commentary_candidate,1,44.0,1.0,0.4,"[""tenderness""]","[""love"", ""compels"", ""things"", ""others"", ""themselves""]",html_scrape,country:K|usage:merch_forbidden|desk:soft_craft|usage:inline_example_ok|usage:epigraph_ok
519,Descendants of the Sun,K,2016,,,Why are you giving off your charm? I’ve already fallen for you.,13,en,Slice of Asian Life,https://sliceofasianlife.com/2016/04/13/descendants-of-the-sun-quotes/,2026-08-28T20:34:44.329072+00:00,quoted_for_commentary_candidate,1,44.0,0.0,0.25,"[""longing""]","[""giving"", ""off"", ""charm"", ""already"", ""fallen""]",html_scrape,country:K|usage:merch_forbidden
521,Descendants of the Sun,K,2016,,,I hope you don’t think my kiss is bad. I did it after thinking a thousand times,18,en,The Korea Times,https://www.koreatimes.co.kr/entertainment/shows-dramas/20160310/10-sweetest-quotes-from-descendants-of-the-sun,2026-08-28T20:34:44.329072+00:00,quoted_for_commentary_candidate,1,44.0,1.0,0.4,"[""tenderness""]","[""hope"", ""don"", ""think"", ""kiss"", ""bad"", ""after"", ""thinking"", ""thousand"", ""times""]",html_scrape,country:K|usage:merch_forbidden
523,Descendants of the Sun,K,2016,,,You have so many men to worry about. Just worry about me from now on.,15,en,The Korea Times,https://www.koreatimes.co.kr/entertainment/shows-dramas/20160310/10-sweetest-quotes-from-descendants-of-the-sun,2026-08-28T20:34:44.329072+00:00,quoted_for_commentary_candidate,1,44.0,0.0,0.25,"[""longing""]","[""many"", ""men"", ""worry"", ""worry"", ""now""]",html_scrape,country:K|usage:merch_forbidden
527,Descendants of the Sun,K,2016,,,Because it is far away ... I want to spend more time with you.,13,en,The Korea Times,https://www.koreatimes.co.kr/entertainment/shows-dramas/20160310/10-sweetest-quotes-from-descendants-of-the-sun,2026-08-28T20:34:44.329072+00:00,quoted_for_commentary_candidate,1,44.0,0.0,0.25,"[""longing""]","[""because"", ""far"", ""away"", ""want"", ""spend"", ""more"", ""time""]",html_scrape,country:K|usage:merch_forbidden|emotion:longing
529,Descendants of the Sun,K,2016,,,"My principle is that children, beautiful women and the elderly need to be protected.",14,en,The Korea Times,https://www.koreatimes.co.kr/entertainment/shows-dramas/20160310/10-sweetest-quotes-from-descendants-of-the-sun,2026-08-28T20:34:44.329072+00:00,quoted_for_commentary_candidate,1,44.0,1.0,0.25,"[""tenderness""]","[""principle"", ""children"", ""beautiful"", ""women"", ""elderly"", ""need"", ""protected""]",html_scrape,country:K|usage:merch_forbidden
497,Descendants of the Sun,K,2016,,,"No matter how big or small, all my decisions include my comrades’ honor, glory and their call to duty.",19,en,Slice of Asian Life,https://sliceofasianlife.com/2016/04/13/descendants-of-the-sun-quotes/,2026-08-28T20:34:44.329072+00:00,quoted_for_commentary_candidate,1,40.0,0.0,0.25,"[""longing""]","[""matter"", ""big"", ""small"", ""decisions"", ""include"", ""comrades"", ""honor"", ""glory"", ""call"", ""duty""]",html_scrape,country:K|usage:merch_forbidden
499,Descendants of the Sun,K,2016,,,"You are very charming but dangerous. I don’t like it. Everytime I catch your eyes, I am charmed.",19,en,Slice of Asian Life,https://sliceofasianlife.com/2016/04/13/descendants-of-the-sun-quotes/,2026-08-28T20:34:44.329072+00:00,quoted_for_commentary_candidate,1,40.0,0.0,0.25,"[""longing""]","[""very"", ""charming"", ""dangerous"", ""don"", ""like"", ""everytime"", ""catch"", ""eyes"", ""charmed""]",html_scrape,country:K|usage:merch_forbidden
500,Descendants of the Sun,K,2016,,,I should’t have received an apology. I should have held him. And I should have confessed my love.,19,en,Slice of Asian Life,https://sliceofasianlife.com/2016/04/13/descendants-of-the-sun-quotes/,2026-08-28T20:34:44.329072+00:00,quoted_for_commentary_candidate,1,40.0,1.0,0.4,"[""tenderness""]","[""received"", ""apology"", ""held"", ""confessed"", ""love""]",html_scrape,country:K|usage:merch_forbidden|desk:soft_craft|usage:inline_example_ok|usage:epigraph_ok
504,Descendants of the Sun,K,2016,,,"Do not get hurt. If we get hurt, we can’t save the people who need to be rescued.",19,en,Slice of Asian Life,https://sliceofasianlife.com/2016/04/13/descendants-of-the-sun-quotes/,2026-08-28T20:34:44.329072+00:00,quoted_for_commentary_candidate,1,40.0,-1.0,0.25,"[""melancholy""]","[""get"", ""hurt"", ""get"", ""hurt"", ""save"", ""people"", ""need"", ""rescued""]",html_scrape,country:K|usage:merch_forbidden|emotion:melancholy
511,Descendants of the Sun,K,2016,,,"If you want to run away, make sure to take me with you. It would be much better if we run away together.",23,en,Slice of Asian Life,https://sliceofasianlife.com/2016/04/13/descendants-of-the-sun-quotes/,2026-08-28T20:34:44.329072+00:00,quoted_for_commentary_candidate,1,40.0,1.0,0.55,"[""longing""]","[""want"", ""run"", ""away"", ""make"", ""sure"", ""take"", ""much"", ""better"", ""run"", ""away"", ""together""]",html_scrape,country:K|usage:merch_forbidden|trope:found_family|desk:soft_craft|usage:inline_example_ok|emotion:longing
513,Descendants of the Sun,K,2016,,,"Don’t feel embarrassed just because I found out that you like me. Even so, it doesn’t change that I like you more.",24,en,Slice of Asian Life,https://sliceofasianlife.com/2016/04/13/descendants-of-the-sun-quotes/,2026-08-28T20:34:44.329072+00:00,quoted_for_commentary_candidate,1,40.0,0.0,0.25,"[""longing""]","[""don"", ""feel"", ""embarrassed"", ""because"", ""found"", ""out"", ""like"", ""even"", ""doesn"", ""change"", ""like"", ""more""]",html_scrape,country:K|usage:merch_forbidden|desk:soft_craft|trope:confession
524,Descendants of the Sun,K,2016,,,"Regarding the kiss, what should I do? Should I apologize for that? Should I confess my feeling to you?",19,en,The Korea Times,https://www.koreatimes.co.kr/entertainment/shows-dramas/20160310/10-sweetest-quotes-from-descendants-of-the-sun,2026-08-28T20:34:44.329072+00:00,quoted_for_commentary_candidate,1,40.0,0.0,0.4,"[""longing""]","[""regarding"", ""kiss"", ""apologize"", ""confess"", ""feeling""]",html_scrape,country:K|usage:merch_forbidden|trope:confession
530,Descendants of the Sun,K,2016,,,This is the most exciting moment since my birth. The moment I am with a beautiful woman before the lights (of the cinema) go out.,25,en,The Korea Times,https://www.koreatimes.co.kr/entertainment/shows-dramas/20160310/10-sweetest-quotes-from-descendants-of-the-sun,2026-08-28T20:34:44.329072+00:00,quoted_for_commentary_candidate,1,40.0,1.0,0.25,"[""tenderness""]","[""most"", ""exciting"", ""moment"", ""since"", ""birth"", ""moment"", ""beautiful"", ""woman"", ""before"", ""lights"", ""cinema"", ""out""]",html_scrape,country:K|usage:merch_forbidden
